{
    "basis_dervs": {
        "1": [
            [
                "-6.2765199737214e-17*k[0] - 6.57330197947178e-17*k[1] - 0.999999999999999", 
                "1.94933673956546e-16*k[0] + 6.31164170521625e-17*k[1] - 1.0"
            ], 
            [
                "6.2765199737214e-17*k[0] + 6.57330197947178e-17*k[1] + 0.999999999999999", 
                "6.14613508945961e-17*k[0] + 2.8712570029844e-16*k[1] + 7.7715611723761e-16"
            ], 
            [
                "0", 
                "-2.56395024851142e-16*k[0] - 3.50242117350602e-16*k[1] + 1.0"
            ]
        ]
    }, 
    "dim": 2, 
    "nnodes": 3, 
    "eval_dervs": {
        "1": [
            [
                "4.0*k[0] + 4.0*k[1] + 4.67335264979294e-16*(-1.0*k[1] + 1.0)**2 + 1.6217331638764e-17*(3.0*k[1] - 1.0)*(3.33333333333333*k[1] - 1.55555555555556) + 2.52629581813424e-16*(5.0*k[1] - 1.0)*(2.0*k[0] + 1.0*k[1] - 1.0) - 9.34670529958587e-16*(2.0*k[0] + 1.0*k[1] - 1.0)*(3.0*k[0] + 1.5*k[1] - 1.5) - 3.0", 
                "4.0*k[0] + 4.0*k[1] + 2.49934700278956e-16*(-1.0*k[1] + 1.0)**2 + 2.17557882007134e-16*(3.0*k[1] - 1.0)*(3.33333333333333*k[1] - 1.55555555555556) - 6.37994697913155e-18*(5.0*k[1] - 1.0)*(2.0*k[0] + 1.0*k[1] - 1.0) - 4.99869400557912e-16*(2.0*k[0] + 1.0*k[1] - 1.0)*(3.0*k[0] + 1.5*k[1] - 1.5) - 3.0"
            ], 
            [
                "4.0*k[0] + 3.33066907387547e-15*k[1] + 5.53157781985148e-16*(-1.0*k[1] + 1.0)**2 - 2.80153535344006e-16*(3.0*k[1] - 1.0)*(3.33333333333333*k[1] - 1.55555555555556) - 8.87361714276049e-17*(5.0*k[1] - 1.0)*(2.0*k[0] + 1.0*k[1] - 1.0) - 1.1063155639703e-15*(2.0*k[0] + 1.0*k[1] - 1.0)*(3.0*k[0] + 1.5*k[1] - 1.5) - 1.0", 
                "4.27643227869315e-15*k[0] + 3.33066907387547e-15*k[1] + 1.69391516178286e-16*(-1.0*k[1] + 1.0)**2 - 2.26369431769498e-16*(3.0*k[1] - 1.0)*(3.33333333333333*k[1] - 1.55555555555556) + 1.65001858615664e-16*(5.0*k[1] - 1.0)*(2.0*k[0] + 1.0*k[1] - 1.0) - 3.38783032356572e-16*(2.0*k[0] + 1.0*k[1] - 1.0)*(3.0*k[0] + 1.5*k[1] - 1.5) + 4.9960036108132e-15"
            ], 
            [
                "0", 
                "3.26591370263339e-16*k[0] + 4.0*k[1] + 7.71548010143822e-17*(-1.0*k[1] + 1.0)**2 - 3.3235458460907e-16*(3.0*k[1] - 1.0)*(3.33333333333333*k[1] - 1.55555555555556) + 6.32482467643057e-18*(5.0*k[1] - 1.0)*(2.0*k[0] + 1.0*k[1] - 1.0) - 1.54309602028764e-16*(2.0*k[0] + 1.0*k[1] - 1.0)*(3.0*k[0] + 1.5*k[1] - 1.5) - 1.0"
            ], 
            [
                "-7.08143261296976e-17*k[0] + 4.0*k[1] + 5.72150113372364e-17*(-1.0*k[1] + 1.0)**2 - 7.22267233234658e-16*(3.0*k[1] - 1.0)*(3.33333333333333*k[1] - 1.55555555555556) - 4.84303985570198e-16*(5.0*k[1] - 1.0)*(2.0*k[0] + 1.0*k[1] - 1.0) - 1.14430022674473e-16*(2.0*k[0] + 1.0*k[1] - 1.0)*(3.0*k[0] + 1.5*k[1] - 1.5) - 3.33066907387547e-16", 
                "3.99999999999999*k[0] - 7.54951656745106e-15*k[1] - 1.22831396479392e-17*(-1.0*k[1] + 1.0)**2 - 2.02467306664739e-16*(3.0*k[1] - 1.0)*(3.33333333333333*k[1] - 1.55555555555556) - 1.1112840422217e-15*(5.0*k[1] - 1.0)*(2.0*k[0] + 1.0*k[1] - 1.0) + 2.45662792958783e-17*(2.0*k[0] + 1.0*k[1] - 1.0)*(3.0*k[0] + 1.5*k[1] - 1.5) - 8.21565038222616e-15"
            ], 
            [
                "7.08143261296976e-17*k[0] - 4.0*k[1] - 5.72150113372364e-17*(-1.0*k[1] + 1.0)**2 + 7.22267233234658e-16*(3.0*k[1] - 1.0)*(3.33333333333333*k[1] - 1.55555555555556) + 4.84303985570198e-16*(5.0*k[1] - 1.0)*(2.0*k[0] + 1.0*k[1] - 1.0) + 1.14430022674473e-16*(2.0*k[0] + 1.0*k[1] - 1.0)*(3.0*k[0] + 1.5*k[1] - 1.5) + 3.33066907387547e-16", 
                "-3.99999999999999*k[0] - 8.0*k[1] - 1.42026462380825e-16*(-1.0*k[1] + 1.0)**2 - 2.20615488525536e-16*(3.0*k[1] - 1.0)*(3.33333333333333*k[1] - 1.55555555555556) + 5.43522880556264e-16*(5.0*k[1] - 1.0)*(2.0*k[0] + 1.0*k[1] - 1.0) + 2.8405292476165e-16*(2.0*k[0] + 1.0*k[1] - 1.0)*(3.0*k[0] + 1.5*k[1] - 1.5) + 4.00000000000001"
            ], 
            [
                "-8.00000000000001*k[0] - 4.0*k[1] - 1.02049304696444e-15*(-1.0*k[1] + 1.0)**2 + 2.63936203705242e-16*(3.0*k[1] - 1.0)*(3.33333333333333*k[1] - 1.55555555555556) - 1.63893410385819e-16*(5.0*k[1] - 1.0)*(2.0*k[0] + 1.0*k[1] - 1.0) + 2.04098609392888e-15*(2.0*k[0] + 1.0*k[1] - 1.0)*(3.0*k[0] + 1.5*k[1] - 1.5) + 4.0", 
                "-4.0*k[0] + 8.88178419700125e-16*k[1] - 3.4217141544286e-16*(-1.0*k[1] + 1.0)**2 + 7.64248929561708e-16*(3.0*k[1] - 1.0)*(3.33333333333333*k[1] - 1.55555555555556) + 4.02814425352476e-16*(5.0*k[1] - 1.0)*(2.0*k[0] + 1.0*k[1] - 1.0) + 6.8434283088572e-16*(2.0*k[0] + 1.0*k[1] - 1.0)*(3.0*k[0] + 1.5*k[1] - 1.5) + 1.11022302462516e-16"
            ]
        ]
    }, 
    "basis_functions": [
        "-1.0*k[0] - 1.0*k[1] + 1.0", 
        "1.0*k[0] + 2.77555756156289e-17", 
        "1.0*k[1]"
    ], 
    "test": "(k[0] + 1.0e-14 >= 0) && (k[1] + 1.0e-14 >= 0) && (k[0] + k[1] - 1.0e-14 <= 1)", 
    "k": [
        0.3333333333333333, 
        0.3333333333333333
    ], 
    "eval_basis": [
        [
            "-0.6*k[0] - 0.6*k[1] - 0.166666666666667*(-1.0*k[1] + 1.0)**2 + 0.0666666666666667*(3.0*k[1] - 1.0)*(3.33333333333333*k[1] - 1.55555555555556) + 0.2*(5.0*k[1] - 1.0)*(2.0*k[0] + 1.0*k[1] - 1.0) + 0.333333333333333*(2.0*k[0] + 1.0*k[1] - 1.0)*(3.0*k[0] + 1.5*k[1] - 1.5) + 0.362962962962963"
        ], 
        [
            "0.6*k[0] - 5.55111512312578e-17*k[1] - 0.166666666666667*(-1.0*k[1] + 1.0)**2 + 0.0666666666666667*(3.0*k[1] - 1.0)*(3.33333333333333*k[1] - 1.55555555555556) - 0.2*(5.0*k[1] - 1.0)*(2.0*k[0] + 1.0*k[1] - 1.0) + 0.333333333333333*(2.0*k[0] + 1.0*k[1] - 1.0)*(3.0*k[0] + 1.5*k[1] - 1.5) - 0.237037037037037"
        ], 
        [
            "0.6*k[1] + 0.2*(3.0*k[1] - 1.0)*(3.33333333333333*k[1] - 1.55555555555556) - 0.311111111111111"
        ], 
        [
            "0.8*k[0] + 0.8*k[1] - 0.2*(3.0*k[1] - 1.0)*(3.33333333333333*k[1] - 1.55555555555556) + 0.4*(5.0*k[1] - 1.0)*(2.0*k[0] + 1.0*k[1] - 1.0) - 0.0888888888888889"
        ], 
        [
            "-0.8*k[0] - 5.55111512312578e-17*k[1] - 0.2*(3.0*k[1] - 1.0)*(3.33333333333333*k[1] - 1.55555555555556) - 0.4*(5.0*k[1] - 1.0)*(2.0*k[0] + 1.0*k[1] - 1.0) + 0.711111111111111"
        ], 
        [
            "-0.8*k[1] + 0.333333333333333*(-1.0*k[1] + 1.0)**2 + 0.0666666666666667*(3.0*k[1] - 1.0)*(3.33333333333333*k[1] - 1.55555555555556) - 0.666666666666667*(2.0*k[0] + 1.0*k[1] - 1.0)*(3.0*k[0] + 1.5*k[1] - 1.5) + 0.562962962962963"
        ]
    ]
}